{"cameraMode":{"drawMode":0,"name":"Shaded","section":"Shading Mode"},"sceneLighting":true,"audioPlay":false,"sceneViewState":{"showFog":true,"showMaterialUpdate":false,"showSkybox":true,"showFlares":true,"showImageEffects":true,"showParticleSystems":true},"in2DMode":false,"pivot":{"x":344.404296875,"y":-48.917545318603519,"z":-622.2180786132813},"rotation":{"x":-0.11388207226991654,"y":0.8607145547866821,"z":-0.22051820158958436,"w":-0.4444919228553772},"size":2921.047607421875,"orthographic":false}