{"cameraMode":{"drawMode":0,"name":"Shaded","section":"Shading Mode"},"sceneLighting":true,"audioPlay":false,"sceneViewState":{"showFog":true,"showMaterialUpdate":false,"showSkybox":true,"showFlares":true,"showImageEffects":true,"showParticleSystems":true},"in2DMode":false,"pivot":{"x":2218.36865234375,"y":-13.39077091217041,"z":-338.16064453125},"rotation":{"x":0.5115593075752258,"y":-0.0020560009870678188,"z":0.0012333262711763383,"w":0.8592446446418762},"size":2832.654541015625,"orthographic":true}