{"cameraMode":{"drawMode":0,"name":"Shaded","section":"Shading Mode"},"sceneLighting":true,"audioPlay":false,"sceneViewState":{"showFog":true,"showMaterialUpdate":false,"showSkybox":true,"showFlares":true,"showImageEffects":true,"showParticleSystems":true},"in2DMode":false,"pivot":{"x":18.32499122619629,"y":92.4750747680664,"z":4.106524467468262},"rotation":{"x":0.18816803395748139,"y":-0.778041660785675,"z":0.2748735547065735,"w":0.5326242446899414},"size":604.1099853515625,"orthographic":true}